"6","Our Policy focuses on personal information - - information that identifies you or reasonably can be linked to information that identifies you. For example, when you place an item on layaway or place an order online, we collect personal information, such as name, address, phone number, and credit or debit card information.  ","Dont use service/feature","First Party Collection/Use"
"10"," What Type of Information Do We Collect?    We collect two types of information: (1) information we receive from you and (2) information we receive from others. Information we receive from you includes information you share with us, such as when you create an account on one of our websites. This also includes information you provide us through technology, such as through a cookie placed on your computer when you visit our websites. We also receive information from other sources to help us supplement our records, improve the personalization of our service to you, and detect fraud. Our goal is to limit the information we collect to the information needed to support our business.  ","Dont use service/feature","First Party Collection/Use"
"11","We collect information to deliver the products and services you request and to help improve your shopping experience. Our goal is to limit the information we collect to the information needed to support our business. We collect information from you in a variety of ways when you interact with our stores, websites, and mobile services. We collect information in two ways: information we receive from you and information we receive from others.  ","Dont use service/feature","First Party Collection/Use"
"12"," Information We Receive From You    You share information with us in various ways in our stores and online. For example, you share information when you:     Make an in-store or online purchase, or other transaction, with us;     Create an account on one of our websites or mobile services;     Use a gift registry or create a mobile shopping list;     Participate in our programs, such as Savings Catcher or eReceipts;     Conduct a transaction or request a service where we collect information (including when required by law, such as hunting and fishing licenses);     Request customer service or contact us;     Post a review or comment on one of our social media pages, or post a rating, review or other user-generated content on one of our websites or mobile services; and     Participate in a contest, sweepstake, promotion, or survey.  ","Dont use service/feature","First Party Collection/Use"
"13","When you engage in these activities, you may share different types of personal information with us, such as your name, email address, physical or postal address, phone number, date of birth, and payment information.  ","Dont use service/feature","First Party Collection/Use"
"17"," Location Information:  We may collect information about your location when your device is set to provide location information. For example, your device's GPS signal allows us to show you the nearest Walmart stores. We may be able to recognize the location of a mobile device in stores where we provide customers free WiFi access. Through mobile services, Bluetooth technology in our stores allows us to show you nearby products that may interest you. See ""What Are Your Choices?"" below for more information.  ","Dont use service/feature","First Party Collection/Use"
"17"," Location Information:  We may collect information about your location when your device is set to provide location information. For example, your device's GPS signal allows us to show you the nearest Walmart stores. We may be able to recognize the location of a mobile device in stores where we provide customers free WiFi access. Through mobile services, Bluetooth technology in our stores allows us to show you nearby products that may interest you. See ""What Are Your Choices?"" below for more information.  ","Browser/device privacy controls","First Party Collection/Use"
"20"," How Do We Use Your Personal Information?    We use your personal information to provide you products and services, such as to fulfill your requests for products or to help us personalize our offerings to you. We also use your personal information to support our business functions, such as fraud prevention, marketing, and legal functions.  ","Dont use service/feature","First Party Collection/Use"
"21","We use your personal information to offer and provide you products and services and to support our business functions. These business functions include order and service fulfillment, internal business processes, marketing, authentication, loss and fraud prevention, public safety and legal functions. Some examples include:     To fulfill your requests for products and services and communicate with you about those requests;     To register and service your account;     To administer contests, sweepstakes, promotions, and surveys;     To provide customer service and alert you to product information, including recalls;     To help us personalize our service offerings, websites, mobile services, and advertising;     To help us improve your experience in our stores and through our websites and mobile services;     To send you information about our products, services, and promotions;     To respond to reviews, comments, or other feedback you provide us; and     To protect the security and integrity of our websites, mobile services, and our business. To do this, we combine personal and non-personal information, collected online and offline, including information from third party sources. We also transfer or share your personal information within our corporate family of companies, such as with Sam's Club, for these purposes, as permitted by law.  ","Dont use service/feature","First Party Collection/Use"
"22"," How Do We Share Your Personal Information Outside of Walmart?    We will not sell or rent your personal information. We may share your personal information in limited circumstances, such as to conduct our business, when legally required, or with your consent.  ","Opt-in","First Party Collection/Use"
"22"," How Do We Share Your Personal Information Outside of Walmart?    We will not sell or rent your personal information. We may share your personal information in limited circumstances, such as to conduct our business, when legally required, or with your consent.  ","Opt-in","Third Party Sharing/Collection"
"28"," With Your Consent    In any circumstance other than those described above, we will ask for your affirmative consent before we share your personal information outside of our corporate family of companies, and we also will not sell or rent your personal information.  ","Opt-in","Third Party Sharing/Collection"
"28"," With Your Consent    In any circumstance other than those described above, we will ask for your affirmative consent before we share your personal information outside of our corporate family of companies, and we also will not sell or rent your personal information.  ","Opt-in","User Choice/Control"
"29"," What are Your Choices?    You have choices about the various ways we collect, use, and share your personal information.   We may send you marketing communications. You can tell us your marketing preferences by visiting our Communication Preferences Alerts page.     We also personalize your experience on our sites and mobile services by showing you advertisements from Walmart or our advertising partners that are tailored to your interests. Learn more about interest-based advertising, including how to opt out.     Some of our mobile services use your device's location information. You can adjust the settings of your mobile device at any time to control whether your device communicates this location information. We may also offer additional controls on our use of your mobile location information.  ","First-party privacy controls","User Choice/Control"
"29"," What are Your Choices?    You have choices about the various ways we collect, use, and share your personal information.   We may send you marketing communications. You can tell us your marketing preferences by visiting our Communication Preferences Alerts page.     We also personalize your experience on our sites and mobile services by showing you advertisements from Walmart or our advertising partners that are tailored to your interests. Learn more about interest-based advertising, including how to opt out.     Some of our mobile services use your device's location information. You can adjust the settings of your mobile device at any time to control whether your device communicates this location information. We may also offer additional controls on our use of your mobile location information.  ","Opt-out link","User Choice/Control"
"29"," What are Your Choices?    You have choices about the various ways we collect, use, and share your personal information.   We may send you marketing communications. You can tell us your marketing preferences by visiting our Communication Preferences Alerts page.     We also personalize your experience on our sites and mobile services by showing you advertisements from Walmart or our advertising partners that are tailored to your interests. Learn more about interest-based advertising, including how to opt out.     Some of our mobile services use your device's location information. You can adjust the settings of your mobile device at any time to control whether your device communicates this location information. We may also offer additional controls on our use of your mobile location information.  ","Browser/device privacy controls","User Choice/Control"
"31"," Marketing Preferences    When we are sending marketing communications to you, we use the following standards:     We use an opt-in standard for phone and text messages. We use an opt-in standard for sharing personal information with companies outside our corporate family of companies for their use in direct marketing, such as sending you promotions. Opt-in means we will only conduct the activity with your affirmative consent.     We use an opt-out standard for email or for other communications, such as postal mail. Opt-out means we may contact you, but will stop upon your request (as described below). Please note that these standards may not apply to communications regarding our Health Wellness operations, such as prescription reminders. For more information see the Health Wellness Notice of Privacy Practices.  ","Opt-in","User Choice/Control"
"31"," Marketing Preferences    When we are sending marketing communications to you, we use the following standards:     We use an opt-in standard for phone and text messages. We use an opt-in standard for sharing personal information with companies outside our corporate family of companies for their use in direct marketing, such as sending you promotions. Opt-in means we will only conduct the activity with your affirmative consent.     We use an opt-out standard for email or for other communications, such as postal mail. Opt-out means we may contact you, but will stop upon your request (as described below). Please note that these standards may not apply to communications regarding our Health Wellness operations, such as prescription reminders. For more information see the Health Wellness Notice of Privacy Practices.  ","Other","User Choice/Control"
"31"," Marketing Preferences    When we are sending marketing communications to you, we use the following standards:     We use an opt-in standard for phone and text messages. We use an opt-in standard for sharing personal information with companies outside our corporate family of companies for their use in direct marketing, such as sending you promotions. Opt-in means we will only conduct the activity with your affirmative consent.     We use an opt-out standard for email or for other communications, such as postal mail. Opt-out means we may contact you, but will stop upon your request (as described below). Please note that these standards may not apply to communications regarding our Health Wellness operations, such as prescription reminders. For more information see the Health Wellness Notice of Privacy Practices.  ","Opt-out via contacting company","User Choice/Control"
"32","Additionally, these standards may not apply to Walmart-branded credit card offerings because these are provided through associated financial institutions. However, you can choose to stop receiving certain prescreened offers of credit that originate from participating nationwide credit reporting agencies, including our prescreened offers, by calling the official Consumer Credit Reporting Industry organization at 1-888-567-8688 or by going to www.optoutprescreen.com.  ","Other","User Choice/Control"
"32","Additionally, these standards may not apply to Walmart-branded credit card offerings because these are provided through associated financial institutions. However, you can choose to stop receiving certain prescreened offers of credit that originate from participating nationwide credit reporting agencies, including our prescreened offers, by calling the official Consumer Credit Reporting Industry organization at 1-888-567-8688 or by going to www.optoutprescreen.com.  ","Opt-out via contacting company","User Choice/Control"
"32","Additionally, these standards may not apply to Walmart-branded credit card offerings because these are provided through associated financial institutions. However, you can choose to stop receiving certain prescreened offers of credit that originate from participating nationwide credit reporting agencies, including our prescreened offers, by calling the official Consumer Credit Reporting Industry organization at 1-888-567-8688 or by going to www.optoutprescreen.com.  ","Opt-out link","User Choice/Control"
"33","You can provide us with your marketing preferences by visiting our Communication Preferences Alerts page. The Communication Preferences Alerts page allows you at any time to update or change your preferences about receiving marketing materials. Or you may contact the Privacy Office as described in the "" Contact Us"" section below.  ","First-party privacy controls","User Choice/Control"
"33","You can provide us with your marketing preferences by visiting our Communication Preferences Alerts page. The Communication Preferences Alerts page allows you at any time to update or change your preferences about receiving marketing materials. Or you may contact the Privacy Office as described in the "" Contact Us"" section below.  ","Opt-out via contacting company","User Choice/Control"
"33","You can provide us with your marketing preferences by visiting our Communication Preferences Alerts page. The Communication Preferences Alerts page allows you at any time to update or change your preferences about receiving marketing materials. Or you may contact the Privacy Office as described in the "" Contact Us"" section below.  ","Opt-out link","User Choice/Control"
"34","If you contact us by email or mail, please be sure to include your full name, the types of communications you would like to receive or not receive, and your related contact information. For instance, if you would like to opt-out of mail, include your mailing address. Please allow sufficient time for your marketing preferences to be processed. It may take up to ten days to process your requests related to email and up to 30 days to process your requests related to telephone calls, text messages, and sharing information with your consent. Please note that postal mailings are often prepared many weeks in advance, and you may continue to receive mail for six to ten weeks.  ","Opt-out via contacting company","User Choice/Control"
"34","If you contact us by email or mail, please be sure to include your full name, the types of communications you would like to receive or not receive, and your related contact information. For instance, if you would like to opt-out of mail, include your mailing address. Please allow sufficient time for your marketing preferences to be processed. It may take up to ten days to process your requests related to email and up to 30 days to process your requests related to telephone calls, text messages, and sharing information with your consent. Please note that postal mailings are often prepared many weeks in advance, and you may continue to receive mail for six to ten weeks.  ","Opt-out via contacting company","User Choice/Control"
"35","Since we do not accept opt-out requests from third parties, such as catalog opt-out services, please communicate your request directly to us through one of the mechanisms mentioned above.  ","Other","User Choice/Control"
"35","Since we do not accept opt-out requests from third parties, such as catalog opt-out services, please communicate your request directly to us through one of the mechanisms mentioned above.  ","Opt-out via contacting company","User Choice/Control"
"36","Please know that, even if you opted out of receiving marketing communications from us, we may still contact you for transactional or informational purposes. Some examples are contacts for customer service, product information, service or reminder notices, customer surveys, or recalls. We may also need to contact you with questions or information regarding your order.  ","Other","First Party Collection/Use"
"36","Please know that, even if you opted out of receiving marketing communications from us, we may still contact you for transactional or informational purposes. Some examples are contacts for customer service, product information, service or reminder notices, customer surveys, or recalls. We may also need to contact you with questions or information regarding your order.  ","Opt-out via contacting company","User Choice/Control"
"38","We show you advertisements related to Walmart or our advertising partners. We belong to ad networks that may use your browsing history across participating websites and mobile services to show you interest-based advertisements. You may also see ads for Walmart on participating websites and mobile services based on how you browse. We do not share personal information about you with companies that advertise on our websites without your consent. Learn more about interest-based advertising, including how to opt out.  ","Opt-out link","Third Party Sharing/Collection"
"38","We show you advertisements related to Walmart or our advertising partners. We belong to ad networks that may use your browsing history across participating websites and mobile services to show you interest-based advertisements. You may also see ads for Walmart on participating websites and mobile services based on how you browse. We do not share personal information about you with companies that advertise on our websites without your consent. Learn more about interest-based advertising, including how to opt out.  ","Opt-in","Third Party Sharing/Collection"
"38","We show you advertisements related to Walmart or our advertising partners. We belong to ad networks that may use your browsing history across participating websites and mobile services to show you interest-based advertisements. You may also see ads for Walmart on participating websites and mobile services based on how you browse. We do not share personal information about you with companies that advertise on our websites without your consent. Learn more about interest-based advertising, including how to opt out.  ","Opt-in","User Choice/Control"
"39"," Mobile Location Settings    Some of our mobile services use your device's location information. You can adjust the settings of your mobile device at any time to control whether your device communicates this location information. See your device instructions to learn more about these settings. In addition, we may offer you controls on our use of your mobile location information. See ""What Types of Information Do We Collect?""above for more information on the types of location information we collect.  ","Browser/device privacy controls","First Party Collection/Use"
"39"," Mobile Location Settings    Some of our mobile services use your device's location information. You can adjust the settings of your mobile device at any time to control whether your device communicates this location information. See your device instructions to learn more about these settings. In addition, we may offer you controls on our use of your mobile location information. See ""What Types of Information Do We Collect?""above for more information on the types of location information we collect.  ","First-party privacy controls","First Party Collection/Use"
"39"," Mobile Location Settings    Some of our mobile services use your device's location information. You can adjust the settings of your mobile device at any time to control whether your device communicates this location information. See your device instructions to learn more about these settings. In addition, we may offer you controls on our use of your mobile location information. See ""What Types of Information Do We Collect?""above for more information on the types of location information we collect.  ","Browser/device privacy controls","User Choice/Control"
"58","Our Privacy Policy describes how we share information for marketing purposes. The Policy and rights apply to all customers, including California residents:     We share personal information with others outside of Walmart for direct marketing of their products only if we have your affirmative consent (opt in). See ""How Do We Share Your Personal Information Outside Walmart?""     We share personal information with other businesses within our corporate family, such as Sam's Club and Vudu. See ""How Do We Use Your Personal Information?""  ","Opt-in","Third Party Sharing/Collection"
